{
    "accuracy score": 0.6944444444444444,
    "confusion matrix": [
        [
            0,
            549
        ],
        [
            1,
            1250
        ]
    ],
    "precision score": 0.6948304613674263,
    "recall score": 0.9992006394884093,
    "f1-score": 0.819672131147541,
    "roc auc score": 0.49960031974420466
}